run,protocol,window,payload_bytes,host_id,cpu,iteration,pair,concurrency,rps_ratio,p99_ratio,candidate_rps,baseline_rps,candidate_p99_us,baseline_p99_us,candidate_gateway_cpu_us,baseline_gateway_cpu_us,candidate_backend_accepted,baseline_backend_accepted,candidate_backend_per_1k,baseline_backend_per_1k
37896050877,grpcs,64k,10240,b3ac3ee5-965c-480b-8681-2e2590a83fdd,AMD EPYC 7763 64-Core Processor,1,1,100,0.9149132342646398,1.161120435210371,10716.866666666667,11713.533333333333,20063,17279,154.01377612204138,152.03072817209184,4,4,0.025,0.023
37896050877,grpcs,64k,10240,b3ac3ee5-965c-480b-8681-2e2590a83fdd,AMD EPYC 7763 64-Core Processor,1,2,100,0.9858169741361662,0.999078287919811,11556.666666666666,11722.933333333332,17343,17359,154.85014376492842,151.34005862975548,4,4,0.023,0.023
37896050877,grpcs,64k,10240,b3ac3ee5-965c-480b-8681-2e2590a83fdd,AMD EPYC 7763 64-Core Processor,2,1,100,0.9964723230490019,0.996282311937264,11713.2,11754.666666666666,17151,17215,152.78647949061144,151.5195827936803,4,4,0.023,0.023
37896050877,grpcs,64k,10240,b3ac3ee5-965c-480b-8681-2e2590a83fdd,AMD EPYC 7763 64-Core Processor,2,2,100,0.9951985686298935,1.0055869173019845,11717.733333333334,11774.266666666666,17279,17183,147.93824560335264,150.5674940819979,4,4,0.023,0.023
37896050877,grpcs,64k,71680,b3ac3ee5-965c-480b-8681-2e2590a83fdd,AMD EPYC 7763 64-Core Processor,1,1,100,0.9943398300117233,1.0078573182437107,3618.866666666667,3639.4666666666667,45151,44799,470.2592695076386,463.17944038949844,0,0,0.0,0.0
37896050877,grpcs,64k,71680,b3ac3ee5-965c-480b-8681-2e2590a83fdd,AMD EPYC 7763 64-Core Processor,1,2,100,1.0034271816037736,0.9839157324242226,3630.5333333333333,3618.133333333333,45023,45759,466.6516453605307,466.4132000634723,0,0,0.0,0.0
37896050877,grpcs,64k,71680,b3ac3ee5-965c-480b-8681-2e2590a83fdd,AMD EPYC 7763 64-Core Processor,2,1,100,1.0449556260202264,0.96255119953189,3712.866666666667,3553.133333333333,44415,46143,459.1566545066376,472.6093128122657,0,0,0.0,0.0
37896050877,grpcs,64k,71680,b3ac3ee5-965c-480b-8681-2e2590a83fdd,AMD EPYC 7763 64-Core Processor,2,2,100,1.0039999269419737,0.9879000867457016,3664.6666666666665,3650.0666666666666,44415,44959,462.92875550242644,462.1073381873712,0,0,0.0,0.0
37896050877,grpcs,64k,512000,b3ac3ee5-965c-480b-8681-2e2590a83fdd,AMD EPYC 7763 64-Core Processor,1,1,100,1.0025245169433925,0.9846358583618193,688.3333333333334,686.6,188671,191615,2416.7850664445186,2420.6420601972677,0,0,0.0,0.0
37896050877,grpcs,64k,512000,b3ac3ee5-965c-480b-8681-2e2590a83fdd,AMD EPYC 7763 64-Core Processor,1,2,100,1.007768498737619,0.9785521665139416,691.8666666666667,686.5333333333333,186879,190975,2375.8925298781774,2410.506283884831,0,0,0.0,0.0
37896050877,grpcs,64k,512000,b3ac3ee5-965c-480b-8681-2e2590a83fdd,AMD EPYC 7763 64-Core Processor,2,1,100,1.0146028037383177,0.9952509924683709,694.8,684.8,187775,188671,2385.4088143019035,2404.5605055215437,0,0,0.0,0.0
37896050877,grpcs,64k,512000,b3ac3ee5-965c-480b-8681-2e2590a83fdd,AMD EPYC 7763 64-Core Processor,2,2,100,1.0098731971735553,0.9932840480400439,695.5333333333333,688.7333333333333,189311,190591,2374.8534724404944,2401.604019479833,0,0,0.0,0.0
37896050877,grpcs,64k,1048576,b3ac3ee5-965c-480b-8681-2e2590a83fdd,AMD EPYC 7763 64-Core Processor,1,1,50,0.9892745709828392,1.0268117459904098,338.2,341.8666666666667,181375,176639,4850.05836924845,4801.373445663263,0,0,0.0,0.0
37896050877,grpcs,64k,1048576,b3ac3ee5-965c-480b-8681-2e2590a83fdd,AMD EPYC 7763 64-Core Processor,1,2,50,1.0065320665083135,0.9870967019304544,339.0,336.8,176255,178559,4835.378877533847,4845.471277247147,0,0,0.0,0.0
37896050877,grpcs,64k,1048576,b3ac3ee5-965c-480b-8681-2e2590a83fdd,AMD EPYC 7763 64-Core Processor,2,1,50,1.0047077285209884,0.9985538602328511,341.46666666666664,339.8666666666667,176767,177023,4786.896847878316,4787.657931138016,0,0,0.0,0.0
37896050877,grpcs,64k,1048576,b3ac3ee5-965c-480b-8681-2e2590a83fdd,AMD EPYC 7763 64-Core Processor,2,2,50,1.0053086905230044,1.0021459347389952,340.8666666666667,339.06666666666666,179327,178943,4793.897887050814,4799.5702451221505,0,0,0.0,0.0
37896050877,grpcs,64k,5242880,b3ac3ee5-965c-480b-8681-2e2590a83fdd,AMD EPYC 7763 64-Core Processor,1,1,25,0.9829659318637276,0.9962917092178548,65.4,66.53333333333333,412671,414207,24890.306124348972,24455.641418902433,0,0,0.0,0.0
37896050877,grpcs,64k,5242880,b3ac3ee5-965c-480b-8681-2e2590a83fdd,AMD EPYC 7763 64-Core Processor,1,2,25,1.007150153217569,0.9858024349017045,65.73333333333333,65.26666666666667,408831,414719,24772.58143805363,24843.340589099418,0,0,0.0,0.0
37896050877,grpcs,64k,5242880,b3ac3ee5-965c-480b-8681-2e2590a83fdd,AMD EPYC 7763 64-Core Processor,2,1,25,0.9899091826437942,1.9296318712188252,65.4,66.06666666666666,800255,414719,24759.26108702397,24532.502499308168,0,0,0.0,0.0
37896050877,grpcs,64k,5242880,b3ac3ee5-965c-480b-8681-2e2590a83fdd,AMD EPYC 7763 64-Core Processor,2,2,25,1.002020202020202,1.0408416828823166,66.13333333333334,66.0,430591,413695,24551.95589499418,24486.638944936338,0,0,0.0,0.0
37896050877,http2,64k,10240,5a0767f8-5e31-4c45-b0d8-42473523abde,AMD EPYC 9V74 80-Core Processor,1,1,100,0.9663194690474504,1.0549611442730038,19092.733333333334,19758.2,9367,8879,89.70048169812418,89.09995408154433,78,78,0.272,0.263
37896050877,http2,64k,10240,5a0767f8-5e31-4c45-b0d8-42473523abde,AMD EPYC 9V74 80-Core Processor,1,2,100,0.9476147039743409,1.048073524213503,19184.333333333332,20244.866666666665,8895,8487,90.74218851708824,88.49926177542268,100,56,0.347,0.184
37896050877,http2,64k,10240,5a0767f8-5e31-4c45-b0d8-42473523abde,AMD EPYC 9V74 80-Core Processor,2,1,100,0.9866465467053004,0.9861989649223691,19658.866666666665,19924.933333333334,8575,8695,90.52478995760274,89.19549149637675,99,96,0.335,0.321
37896050877,http2,64k,10240,5a0767f8-5e31-4c45-b0d8-42473523abde,AMD EPYC 9V74 80-Core Processor,2,2,100,1.002967190301603,0.9853194173643767,19988.2,19929.066666666666,8591,8719,90.313387348184,88.70683718018785,64,49,0.213,0.164
37896050877,http2,64k,71680,5a0767f8-5e31-4c45-b0d8-42473523abde,AMD EPYC 9V74 80-Core Processor,1,1,100,1.0041213751198437,0.9923074078183365,5376.266666666666,5354.2,26831,27039,286.64853692473855,294.6119506823677,0,0,0.0,0.0
37896050877,http2,64k,71680,5a0767f8-5e31-4c45-b0d8-42473523abde,AMD EPYC 9V74 80-Core Processor,1,2,100,0.9935876562382586,1.0005837924617798,5288.933333333333,5323.066666666667,27423,27407,298.0693449759102,296.15344513737233,0,0,0.0,0.0
37896050877,http2,64k,71680,5a0767f8-5e31-4c45-b0d8-42473523abde,AMD EPYC 9V74 80-Core Processor,2,1,100,0.9977967467391853,1.0047005251367926,5283.533333333334,5295.2,27359,27231,297.39978625624224,287.3004157965644,0,0,0.0,0.0
37896050877,http2,64k,71680,5a0767f8-5e31-4c45-b0d8-42473523abde,AMD EPYC 9V74 80-Core Processor,2,2,100,0.989912952516158,1.010708310094813,5299.4,5353.4,27183,26895,287.29688729248784,285.21792944563634,0,0,0.0,0.0
37896050877,http2,64k,512000,5a0767f8-5e31-4c45-b0d8-42473523abde,AMD EPYC 9V74 80-Core Processor,1,1,100,0.9997845910820707,1.0450721665441318,928.2666666666667,928.4666666666667,135039,129215,1663.6862829763106,1649.6639505215976,0,0,0.0,0.0
37896050877,http2,64k,512000,5a0767f8-5e31-4c45-b0d8-42473523abde,AMD EPYC 9V74 80-Core Processor,1,2,100,1.017408550022036,0.9581347982189449,923.4,907.6,128895,134527,1659.4601720107978,1672.5832993240924,0,0,0.0,0.0
37896050877,http2,64k,512000,5a0767f8-5e31-4c45-b0d8-42473523abde,AMD EPYC 9V74 80-Core Processor,2,1,100,1.0132168135201503,0.9901719147106474,935.2666666666667,923.0666666666667,128959,130239,1662.6541171770396,1660.691465670766,0,0,0.0,0.0
37896050877,http2,64k,512000,5a0767f8-5e31-4c45-b0d8-42473523abde,AMD EPYC 9V74 80-Core Processor,2,2,100,1.0151133501259446,0.9826387543306232,940.3333333333334,926.3333333333334,126783,129023,1661.5308913355725,1656.1725165935463,0,0,0.0,0.0
37896050877,http2,64k,1048576,5a0767f8-5e31-4c45-b0d8-42473523abde,AMD EPYC 9V74 80-Core Processor,1,1,50,0.9721051866918494,1.0188089309767745,446.06666666666666,458.8666666666667,124799,122495,3281.304774649591,3275.032550739131,0,0,0.0,0.0
37896050877,http2,64k,1048576,5a0767f8-5e31-4c45-b0d8-42473523abde,AMD EPYC 9V74 80-Core Processor,1,2,50,0.9997048406139315,1.0905335823006848,451.6,451.73333333333335,134911,123711,3306.9977592456544,3281.03985890349,0,0,0.0,0.0
37896050877,http2,64k,1048576,5a0767f8-5e31-4c45-b0d8-42473523abde,AMD EPYC 9V74 80-Core Processor,2,1,50,1.0238702897462844,0.9723044348451011,454.6666666666667,444.06666666666666,125823,129407,3295.61264757368,3311.546582957939,0,0,0.0,0.0
37896050877,http2,64k,1048576,5a0767f8-5e31-4c45-b0d8-42473523abde,AMD EPYC 9V74 80-Core Processor,2,2,50,1.0190951821386605,0.9900678749663075,462.53333333333336,453.8666666666667,121215,122431,3291.1414655659905,3290.459745130217,0,0,0.0,0.0
37896050877,http2,64k,5242880,5a0767f8-5e31-4c45-b0d8-42473523abde,AMD EPYC 9V74 80-Core Processor,1,1,25,0.9846153846153846,1.0081235026258588,85.33333333333333,86.66666666666667,317695,315135,16540.349018665973,16475.184590634442,0,0,0.0,0.0
37896050877,http2,64k,5242880,5a0767f8-5e31-4c45-b0d8-42473523abde,AMD EPYC 9V74 80-Core Processor,1,2,25,0.989969135802469,1.0457517799982767,85.53333333333333,86.4,327679,313343,16557.794053100708,16354.661061844221,0,0,0.0,0.0
37896050877,http2,64k,5242880,5a0767f8-5e31-4c45-b0d8-42473523abde,AMD EPYC 9V74 80-Core Processor,2,1,25,1.00388198757764,0.9776178357871071,86.2,85.86666666666666,313087,320255,16491.28565422386,16589.01104138053,0,0,0.0,0.0
37896050877,http2,64k,5242880,5a0767f8-5e31-4c45-b0d8-42473523abde,AMD EPYC 9V74 80-Core Processor,2,2,25,0.9811178247734138,1.0089069107632551,86.6,88.26666666666667,318975,316159,16438.138136161633,16441.152258167054,0,0,0.0,0.0
37896053244,grpcs,default,10240,82fe63ca-e5e3-4767-8175-9e8736e93f88,AMD EPYC 7763 64-Core Processor,1,1,100,0.9112202971008247,1.15448780209107,10571.066666666668,11601.0,20207,17503,153.24312231421922,151.12290732906584,4,4,0.025,0.023
37896053244,grpcs,default,10240,82fe63ca-e5e3-4767-8175-9e8736e93f88,AMD EPYC 7763 64-Core Processor,1,2,100,0.9891347555319995,1.0072797588579878,11446.333333333334,11572.066666666668,17711,17583,154.87044350180346,152.0802658258769,4,4,0.023,0.023
37896053244,grpcs,default,10240,82fe63ca-e5e3-4767-8175-9e8736e93f88,AMD EPYC 7763 64-Core Processor,2,1,100,0.9726354316660261,1.0127978060903846,11302.866666666667,11620.866666666667,17727,17503,156.53209488843171,151.89140874794816,4,4,0.024,0.023
37896053244,grpcs,default,10240,82fe63ca-e5e3-4767-8175-9e8736e93f88,AMD EPYC 7763 64-Core Processor,2,2,100,0.9833688945274206,1.0181993971449697,11368.4,11560.666666666666,17903,17583,155.81751805989992,152.5999367476931,4,4,0.023,0.023
37896053244,grpcs,default,71680,82fe63ca-e5e3-4767-8175-9e8736e93f88,AMD EPYC 7763 64-Core Processor,1,1,100,0.9418958393243632,1.0880886301586228,4148.8,4404.733333333334,48223,44319,406.97619567550254,392.5700062046717,0,0,0.0,0.0
37896053244,grpcs,default,71680,82fe63ca-e5e3-4767-8175-9e8736e93f88,AMD EPYC 7763 64-Core Processor,1,2,100,1.0269450783032728,0.965301121207521,4380.4,4265.466666666666,44511,46111,392.1652918148782,399.3134351987945,0,0,0.0,0.0
37896053244,grpcs,default,71680,82fe63ca-e5e3-4767-8175-9e8736e93f88,AMD EPYC 7763 64-Core Processor,2,1,100,0.9851512290213518,1.0430666757909623,4312.466666666666,4377.466666666666,45727,43839,394.6161649158551,393.06700606985453,0,0,0.0,0.0
37896053244,grpcs,default,71680,82fe63ca-e5e3-4767-8175-9e8736e93f88,AMD EPYC 7763 64-Core Processor,2,2,100,0.9629087885693169,1.0345808614339589,4169.266666666666,4329.866666666667,46911,45343,401.762733773249,394.9987844443301,0,0,0.0,0.0
37896053244,grpcs,default,512000,82fe63ca-e5e3-4767-8175-9e8736e93f88,AMD EPYC 7763 64-Core Processor,1,1,100,0.9519790699637101,0.913674925463827,752.0,789.9333333333333,273663,299519,2100.758615758527,2014.1087112737891,0,0,0.0,0.0
37896053244,grpcs,default,512000,82fe63ca-e5e3-4767-8175-9e8736e93f88,AMD EPYC 7763 64-Core Processor,1,2,100,0.9996605278791479,0.9795372954337725,785.2666666666667,785.5333333333333,281855,287743,2037.927544797543,2033.645179128051,0,0,0.0,0.0
37896053244,grpcs,default,512000,82fe63ca-e5e3-4767-8175-9e8736e93f88,AMD EPYC 7763 64-Core Processor,2,1,100,0.991549995857841,0.9937791349919607,797.9333333333333,804.7333333333333,245375,246911,2004.039677039308,1985.691737129655,0,0,0.0,0.0
37896053244,grpcs,default,512000,82fe63ca-e5e3-4767-8175-9e8736e93f88,AMD EPYC 7763 64-Core Processor,2,2,100,1.0134976525821595,0.7867463188576771,805.9333333333333,795.2,250751,318719,1993.335120019315,2024.4013249753687,0,0,0.0,0.0
37896053244,grpcs,default,1048576,82fe63ca-e5e3-4767-8175-9e8736e93f88,AMD EPYC 7763 64-Core Processor,1,1,50,0.9852791878172589,0.853447756379581,388.2,394.0,240767,282111,4134.526925667442,4108.327385247611,0,0,0.0,0.0
37896053244,grpcs,default,1048576,82fe63ca-e5e3-4767-8175-9e8736e93f88,AMD EPYC 7763 64-Core Processor,1,2,50,0.9956066238594119,1.3001050594863848,392.8,394.53333333333336,320511,246527,4107.95577820135,4074.317103308785,0,0,0.0,0.0
37896053244,grpcs,default,1048576,82fe63ca-e5e3-4767-8175-9e8736e93f88,AMD EPYC 7763 64-Core Processor,2,1,50,1.0112938050157783,0.8500900492882745,405.93333333333334,401.4,240255,282623,3978.669091418978,4032.9805178698048,0,0,0.0,0.0
37896053244,grpcs,default,1048576,82fe63ca-e5e3-4767-8175-9e8736e93f88,AMD EPYC 7763 64-Core Processor,2,2,50,1.0207150016705646,0.7766043336505526,407.3333333333333,399.06666666666666,226047,291071,3949.620697641397,4062.9004493167527,0,0,0.0,0.0
37896053244,grpcs,default,5242880,82fe63ca-e5e3-4767-8175-9e8736e93f88,AMD EPYC 7763 64-Core Processor,1,1,25,0.9559322033898305,0.9934687860984927,75.2,78.66666666666667,700927,705535,20735.677538228905,20376.276459640896,0,0,0.0,0.0
37896053244,grpcs,default,5242880,82fe63ca-e5e3-4767-8175-9e8736e93f88,AMD EPYC 7763 64-Core Processor,1,2,25,0.9731543624161073,0.9990601486507076,77.33333333333333,79.46666666666667,544255,544767,20216.185176824794,20033.574421769325,0,0,0.0,0.0
37896053244,grpcs,default,5242880,82fe63ca-e5e3-4767-8175-9e8736e93f88,AMD EPYC 7763 64-Core Processor,2,1,25,1.0067001675041878,0.799702140598159,80.13333333333334,79.6,412927,516351,20184.979174679054,20288.05727063024,0,0,0.0,0.0
37896053244,grpcs,default,5242880,82fe63ca-e5e3-4767-8175-9e8736e93f88,AMD EPYC 7763 64-Core Processor,2,2,25,1.0,1.0202381422947877,79.66666666666667,79.66666666666667,438783,430079,19915.346799112325,19857.71849282774,0,0,0.0,0.0
37896053244,http2,default,10240,27896126-27aa-428d-a7c3-8e916d43e734,AMD EPYC 9V45 96-Core Processor,1,1,100,0.9209664906121061,1.1144834093410914,26353.333333333332,28614.866666666665,7087,6359,61.08973419641709,59.0868974770293,100,88,0.253,0.205
37896053244,http2,default,10240,27896126-27aa-428d-a7c3-8e916d43e734,AMD EPYC 9V45 96-Core Processor,1,2,100,1.0237369664012055,0.9687452121954956,28263.466666666667,27608.133333333335,6323,6527,60.418485614862554,60.02807905165295,97,96,0.229,0.232
37896053244,http2,default,10240,27896126-27aa-428d-a7c3-8e916d43e734,AMD EPYC 9V45 96-Core Processor,2,1,100,1.0983021731196163,0.8777156237804085,26681.933333333334,24293.8,6747,7687,63.640195345952044,69.29476465382933,99,100,0.247,0.274
37896053244,http2,default,10240,27896126-27aa-428d-a7c3-8e916d43e734,AMD EPYC 9V45 96-Core Processor,2,2,100,1.0478793333735696,0.9762140733399405,26621.933333333334,25405.533333333333,6895,7063,64.29257659120083,66.41027129770065,100,100,0.25,0.262
37896053244,http2,default,71680,27896126-27aa-428d-a7c3-8e916d43e734,AMD EPYC 9V45 96-Core Processor,1,1,100,1.001971454058876,0.9900280461202867,7488.066666666667,7473.333333333333,22239,22463,205.0422859866639,200.07759665885365,0,0,0.0,0.0
37896053244,http2,default,71680,27896126-27aa-428d-a7c3-8e916d43e734,AMD EPYC 9V45 96-Core Processor,1,2,100,0.9778411253839958,1.0600760108063556,7363.6,7530.466666666666,23151,21839,200.54296872473708,194.77258478745253,0,0,0.0,0.0
37896053244,http2,default,71680,27896126-27aa-428d-a7c3-8e916d43e734,AMD EPYC 9V45 96-Core Processor,2,1,100,1.015467439127702,1.0422451859607593,7431.8,7318.6,22895,21967,199.35457560314254,202.30627338653454,0,0,0.0,0.0
37896053244,http2,default,71680,27896126-27aa-428d-a7c3-8e916d43e734,AMD EPYC 9V45 96-Core Processor,2,2,100,1.0247270024584072,1.0499670112161865,7169.4,6996.4,23871,22735,208.05419732389134,209.87185595060598,0,0,0.0,0.0
37896053244,http2,default,512000,27896126-27aa-428d-a7c3-8e916d43e734,AMD EPYC 9V45 96-Core Processor,1,1,100,1.0040755835494628,0.9524568681295751,1264.6666666666667,1259.5333333333333,114111,119807,1117.0052544862683,1117.0825132369885,0,0,0.0,0.0
37896053244,http2,default,512000,27896126-27aa-428d-a7c3-8e916d43e734,AMD EPYC 9V45 96-Core Processor,1,2,100,0.9826206024857805,1.0087051882581972,1243.8666666666666,1265.8666666666666,118655,117631,1137.264711624511,1128.4592658791764,0,0,0.0,0.0
37896053244,http2,default,512000,27896126-27aa-428d-a7c3-8e916d43e734,AMD EPYC 9V45 96-Core Processor,2,1,100,1.0096715024178755,0.9994788910149411,1211.0,1199.4,122751,122815,1171.9801510294765,1183.9403169113464,0,0,0.0,0.0
37896053244,http2,default,512000,27896126-27aa-428d-a7c3-8e916d43e734,AMD EPYC 9V45 96-Core Processor,2,2,100,1.0031566705432795,0.985599879999,1207.6,1203.8,118271,119999,1174.0486263708508,1184.2704332146448,0,0,0.0,0.0
37896053244,http2,default,1048576,27896126-27aa-428d-a7c3-8e916d43e734,AMD EPYC 9V45 96-Core Processor,1,1,50,0.9862726605889133,1.0521950270150042,627.4666666666667,636.2,113535,107903,2252.6129225725053,2250.910759189658,0,0,0.0,0.0
37896053244,http2,default,1048576,27896126-27aa-428d-a7c3-8e916d43e734,AMD EPYC 9V45 96-Core Processor,1,2,50,0.9935721812434142,0.9680179898806921,628.6,632.6666666666666,108479,112063,2257.330921532899,2249.552348948761,0,0,0.0,0.0
37896053244,http2,default,1048576,27896126-27aa-428d-a7c3-8e916d43e734,AMD EPYC 9V45 96-Core Processor,2,1,50,0.9846401718582171,1.0184153391404431,611.1333333333333,620.6666666666666,116799,114687,2319.8219669131704,2285.4909530050386,0,0,0.0,0.0
37896053244,http2,default,1048576,27896126-27aa-428d-a7c3-8e916d43e734,AMD EPYC 9V45 96-Core Processor,2,2,50,1.0122812737745897,1.0202248966370842,620.9333333333333,613.4,116223,113919,2270.4231301235077,2340.2285481343793,0,0,0.0,0.0
37896053244,http2,default,5242880,27896126-27aa-428d-a7c3-8e916d43e734,AMD EPYC 9V45 96-Core Processor,1,1,25,1.0102315562735595,1.012229583981009,125.06666666666666,123.8,275455,272127,11901.272665881432,12120.991645746244,0,0,0.0,0.0
37896053244,http2,default,5242880,27896126-27aa-428d-a7c3-8e916d43e734,AMD EPYC 9V45 96-Core Processor,1,2,25,0.9833601717659689,1.0319550045340569,122.13333333333334,124.2,281087,272383,12307.725460635187,12078.064100711592,0,0,0.0,0.0
37896053244,http2,default,5242880,27896126-27aa-428d-a7c3-8e916d43e734,AMD EPYC 9V45 96-Core Processor,2,1,25,1.0131578947368423,1.3345113033404932,123.2,121.6,387071,290047,12077.01009833968,12250.666315998822,0,0,0.0,0.0
37896053244,http2,default,5242880,27896126-27aa-428d-a7c3-8e916d43e734,AMD EPYC 9V45 96-Core Processor,2,2,25,1.0016339869281046,1.0233919019245779,122.6,122.4,268799,262655,12229.257373754117,12333.29531230054,0,0,0.0,0.0
